3,2,-1,3,1,-2,16832,4399,3016,7264,1305,8082,1590,3962,7039,2556,6673,6203,2801,3964,1528,4570,-2,-2,0.888888888888889,2,2678,-2,0.888888888888889,2,2602,-2,0.24161356934896203,1.0427181124687195,400,-2,0.17140205014343513,0.001172967255115509,1045,-2,0.24161356934896203,1.0427181124687195,644,-2,0.888888888888889,2,44284,-2,0.24161356934896203,1.0427181124687195,1724,-2,0.888888888888889,2,18979,-2,0.24161356934896203,1.0427181124687195,1321,-2,0.17140205014343513,0.001172967255115509,1774,-2,0.18329923463440312,0.08780109137296677,1061,-2,0.17140205014343513,0.001172967255115509,435,-2,0.24161356934896203,1.0427181124687195,1230,-2,0.888888888888889,2,11832,-2,0.24161356934896203,1.0427181124687195,10210,-2,0.888888888888889,2,16425,116669
3,2,-1,3,1,-2,4028,2710,4129,2040,3608,8094,2838,1936,1934,6827,3977,5658,-2,-2,0.6329957835429914,1.0452119447290897,3170,-2,1.5860308614445986e-07,0.0002685748040676117,392,-2,0.0012711013077495194,0.0003697499632835388,583,-2,0.14609613786866077,0.0005605071783065796,587,-2,0.0012919976312163906,0.00025134533643722534,573,-2,0.14602667771801642,5.4094940423965454e-05,554,-2,0.001260002909050656,0.0007252097129821777,814,-2,0.14602667771801642,5.4094940423965454e-05,291,-2,0.0012919976312163906,0.00025134533643722534,493,-2,0.14609613786866077,0.0005605071783065796,687,-2,0.0012711013077495194,0.0003697499632835388,1016,-2,1.5860308614445986e-07,0.0002685748040676117,1395,-2,0.6329957835429914,1.0452119447290897,500,-2,0.24087527221662092,0.09016427025198936,423,-2,0.001268294783288678,0.0006536133587360382,917,-2,0.14582301948665183,0.00011053681373596191,868,-2,0.17444395219220438,0.9542962089180946,8807,-2,0.14582301948665183,0.00011053681373596191,1620,-2,0.17444395219220438,0.9542962089180946,2662,-2,0.21834549901097114,0.0009524784982204437,1861,-2,0.001285309561668987,8.388981223106384e-05,1469,-2,0.21843836526214794,0.0007144510746002197,920,-2,0.175170492303314,0.9560335837304592,1004,-2,0.17437854052778692,1.0439664162695408,965,-2,0.17422155235948752,1.0432650037109852,588,-2,0.4005267648876168,1.0464156866073608,607,-2,0,0,3943,-2,0.4005267648876168,1.0464156866073608,4270,-2,0.17422155235948752,1.0432650037109852,11523,-2,0.17437854052778692,1.0439664162695408,332,-2,0.175170492303314,0.9560335837304592,7297,-2,0.17437854052778692,1.0439664162695408,1041,-2,0.175170492303314,0.9560335837304592,5196,-2,0.17437854052778692,1.0439664162695408,3841,-2,0.17422155235948752,1.0432650037109852,34462,-2,0.17437854052778692,1.0439664162695408,345,-2,0.175170492303314,0.9560335837304592,533,-2,0.21843836526214794,0.0007144510746002197,644,-2,0.001285309561668987,8.388981223106384e-05,305,-2,0.21834549901097114,0.0009524784982204437,498,-2,0.17444395219220438,0.9542962089180946,562,-2,0.14582301948665183,0.00011053681373596191,1015,-2,0.17444395219220438,0.9542962089180946,160,-2,0.21834549901097114,0.0009524784982204437,199,-2,0.001285309561668987,8.388981223106384e-05,497,-2,0.21843836526214794,0.0007144510746002197,2764,-2,0.175170492303314,0.9560335837304592,3099,-2,0.17437854052778692,1.0439664162695408,2732,-2,0.17422155235948752,1.0432650037109852,2268,-2,0.4005267648876168,1.0464156866073608,5301,-2,0,0,5788,-2,0.4005267648876168,1.0464156866073608,8769,-2,0.17422155235948752,1.0432650037109852,306,-2,0.17437854052778692,1.0439664162695408,239,-2,0.175170492303314,0.9560335837304592,463,-2,0.21843836526214794,0.0007144510746002197,2311,-2,0.175170492303314,0.9560335837304592,636,-2,0.21843836526214794,0.0007144510746002197,869,-2,0.001285309561668987,8.388981223106384e-05,4904,-2,0.21843836526214794,0.0007144510746002197,1942,-2,0.175170492303314,0.9560335837304592,2991,-2,0.17437854052778692,1.0439664162695408,1576,-2,0.17422155235948752,1.0432650037109852,5577,163053
8,2,-1,5,1,-2,13405,7584,5151,8233,19034,1353,6775,14745,5518,7462,1098,1161,-2,-2,0.6400000000000002,0.9547036066651344,21117,-2,0.17483158281263386,1.0453216694295406,688,-2,0.24075699855376423,0.0905768945813179,471,-2,0.14584601361599733,0.9547447748482227,211,-2,0.14576731585474262,0.09076807275414467,164,-2,0.24080085447901894,0.09115065634250641,192,-2,0.17496660235466005,0.9544871523976326,157,-2,4.275182072632777e-07,0.00011279061436653137,222,-2,0.14587746110437222,0.08955706283450127,183,-2,0.17477493253228973,1.045152299106121,8199,-2,0.14587746110437222,0.08955706283450127,2419,-2,4.275182072632777e-07,0.00011279061436653137,17700,51747
8,2,-1,5,1,-2,2001,2107,3439,4347,1386,3260,3685,1502,6126,5154,4769,16263,752,777,-2,16313,16313,-2,2983,-2,0,0,2648,-2,0.20345069294114917,0,7500,-2,0,0,239,224,154,1113,-2,0,0,207,-2,0.20345069294114917,0,566,-2,0,0,604,-2,0.20477173088069467,0,263,-2,0,0,318,-2,0.20455563297283902,0,191,-2,0,0,7127,-2,8.121378981873484e-08,1.0439831987023354,710,-2,0.1748454150241607,1.0453630201518536,887,-2,8.671478929356269e-09,7.225573062896729e-05,199,-2,0.1748400565349497,1.0453470014035702,181,-2,0.17470029990980235,1.0446163639426231,774,-2,0.1464786209612657,0.9568131379783154,449,-2,0.1745456933736938,0.9568131379783154,158,-2,0.1744540689981747,1.0441924780607224,286,-2,0.17469147217973485,0.9558075219392776,214,-2,2.7818273382385075e-07,0.0005812011659145355,370,-2,0.1748598696467454,0.00048590824007987976,174,-2,3.0240833751249413e-07,0.0008645392954349518,510,-2,3.089409946421817e-08,0.09050756320357323,196,-2,0.17475788753510638,1.0451013334095478,183,-2,0.0012952472091838554,0.08982155472040176,702,-2,0.001241009180763225,0.08753388375043869,167,-2,1.0014770638333558e-08,9.553134441375732e-05,9807,-2,0.001241009180763225,0.08753388375043869,323,-2,0.0012952472091838554,0.08982155472040176,999,-2,0.17475788753510638,1.0451013334095478,367,-2,3.089409946421817e-08,0.09050756320357323,8797,-2,3.0240833751249413e-07,0.0008645392954349518,645,-2,0.1748598696467454,0.00048590824007987976,3390,-2,2.7818273382385075e-07,0.0005812011659145355,733,-2,0.17469147217973485,0.9558075219392776,4105,-2,0.1744540689981747,1.0441924780607224,4051,-2,0.1745456933736938,0.9568131379783154,1972,-2,0.1464786209612657,0.9568131379783154,1852,-2,0.17470029990980235,1.0446163639426231,1942,-2,0.1748400565349497,1.0453470014035702,2083,-2,8.671478929356269e-09,7.225573062896729e-05,1227,-2,0.1748454150241607,1.0453630201518536,4541,-2,8.121378981873484e-08,1.0439831987023354,1420,-2,0,0,10445,-2,0.20455563297283902,0,655,-2,0,0,216,-2,0.20477173088069467,0,531,-2,0,0,245,-2,0.20345069294114917,0,431,-2,0,0,1030,4065,-2,0,0,753,-2,0.20345069294114917,0,658,-2,0,0,215,-2,0.20477173088069467,0,175,-2,0,0,452,-2,0.20455563297283902,0,1782,-2,0,0,231,-2,0.20477173088069467,0,176,-2,0,0,171,-2,0.20345069294114917,0,167,-2,0,0,159,187,192,349,392,182,159,2615,-2,0,0,254,-2,0.20345069294114917,0,390,-2,0,0,206,-2,0.20477173088069467,0,238,-2,0,0,373,-2,0.20455563297283902,0,9128,-2,0,0,1041,-2,0.20477173088069467,0,643,-2,0,0,422,-2,0.20345069294114917,0,1827,-2,0,0,7656,1219,918,270,951,-2,0,0,182,-2,0.20345069294114917,0,320,-2,0,0,205,-2,0.20477173088069467,0,309,-2,0,0,495,-2,0.20455563297283902,0,310,-2,0,0,184,-2,8.121378981873484e-08,1.0439831987023354,390,-2,0.1748454150241607,1.0453630201518536,542,-2,8.671478929356269e-09,7.225573062896729e-05,190,-2,0.1748400565349497,1.0453470014035702,167,-2,0.17470029990980235,1.0446163639426231,223,-2,0.1464786209612657,0.9568131379783154,213,-2,0.1745456933736938,0.9568131379783154,10667,-2,0.1464786209612657,0.9568131379783154,683,-2,0.17470029990980235,1.0446163639426231,1909,-2,0.1748400565349497,1.0453470014035702,1191,-2,8.671478929356269e-09,7.225573062896729e-05,1269,-2,0.1748454150241607,1.0453630201518536,4887,-2,8.121378981873484e-08,1.0439831987023354,1895,-2,0,0,1171,-2,0.20455563297283902,0,594,-2,0,0,766,-2,0.20477173088069467,0,837,-2,0,0,870,-2,0.20345069294114917,0,841,-2,0,0,695,733,913,-2,0,0,557,-2,0.20345069294114917,0,4071,-2,0,0,678,-2,0.20477173088069467,0,222,-2,0,0,462,-2,0.20455563297283902,0,311,-2,0,0,263,-2,8.121378981873484e-08,1.0439831987023354,211,-2,0.1748454150241607,1.0453630201518536,434,-2,8.671478929356269e-09,7.225573062896729e-05,404,-2,0.1748400565349497,1.0453470014035702,194,-2,0.17470029990980235,1.0446163639426231,407,-2,0.1464786209612657,0.9568131379783154,414,-2,0.1745456933736938,0.9568131379783154,406,-2,0.1744540689981747,1.0441924780607224,894,-2,0.17469147217973485,0.9558075219392776,199,-2,2.7818273382385075e-07,0.0005812011659145355,214,-2,0.1748598696467454,0.00048590824007987976,2558,-2,2.7818273382385075e-07,0.0005812011659145355,1734,-2,0.17469147217973485,0.9558075219392776,343,-2,0.1744540689981747,1.0441924780607224,533,-2,0.1745456933736938,0.9568131379783154,208,-2,0.1464786209612657,0.9568131379783154,504,-2,0.17470029990980235,1.0446163639426231,1141,-2,0.1748400565349497,1.0453470014035702,726,-2,8.671478929356269e-09,7.225573062896729e-05,895,-2,0.1748454150241607,1.0453630201518536,721,-2,8.121378981873484e-08,1.0439831987023354,24373,-2,0,0,15889,-2,0.20455563297283902,0,730,-2,0,0,7504,-2,0.20455563297283902,0,790,-2,0,0,1446,-2,8.121378981873484e-08,1.0439831987023354,1910,-2,0,0,8463,-2,0.20455563297283902,0,263,-2,0,0,805,-2,0.20477173088069467,0,255,-2,0,0,415,-2,0.20345069294114917,0,354,-2,0,0,578,247,87693,336057
2,2,1,3,1,-2,23312,4276,2810,2538,1827,6988,13255,24267,9963,9285,18319,-2,-2,0.6211226200225034,1.9576566815376282,4111,-2,6.294246197938946e-05,0.008413374423980713,736,-2,0.5609104163609024,1.6306767463684082,143,-2,0.14436472540444573,0.5377702862024307,136,-2,0.11525330170537847,0.7999185472726822,280,-2,0.32336484521768893,0.611078217625618,314,-2,0.010486811425913912,0.2459760308265686,158,-2,0.06160381712509326,0.2602946162223816,151,-2,0.00015824371910468926,0.030186355113983154,167,-2,0.29753232917007605,0.17887407541275024,351,-2,0.0003100148507533618,0.04102450609207153,911,-2,0.29753232917007605,0.17887407541275024,21264,-2,0.00015824371910468926,0.030186355113983154,4344,-2,0.06160381712509326,0.2602946162223816,1383,-2,0.00015824371910468926,0.030186355113983154,4120,-2,0.06160381712509326,0.2602946162223816,15520,-2,0.010486811425913912,0.2459760308265686,1879,-2,0.06160381712509326,0.2602946162223816,11984,-2,0.010486811425913912,0.2459760308265686,10647,-2,0.32336484521768893,0.611078217625618,3015,-2,0.010486811425913912,0.2459760308265686,830,-2,0.32336484521768893,0.611078217625618,88487,-2,0.11525330170537847,0.7999185472726822,3871,-2,0.14436472540444573,0.5377702862024307,11112,-2,0.5609104163609024,1.6306767463684082,3239,-2,0.14436472540444573,0.5377702862024307,2984,-2,0.5609104163609024,1.6306767463684082,2240,-2,6.294246197938946e-05,0.008413374423980713,934,-2,0.5609104163609024,1.6306767463684082,3375,-2,0.14436472540444573,0.5377702862024307,5207,-2,0.5609104163609024,1.6306767463684082,4672,-2,0.14436472540444573,0.5377702862024307,8982,-2,0.5609104163609024,1.6306767463684082,1183,-2,0.14436472540444573,0.5377702862024307,20825,-2,0.5609104163609024,1.6306767463684082,2376,-2,6.294246197938946e-05,0.008413374423980713,880,-2,0.6211226200225034,1.9576566815376282,937,-2,0.0030258306438673797,0.5286903977394104,1165,-2,0.09025538096643226,0.3210625443607569,417,-2,0.0679907162282737,0.626047670841217,447,-2,0.12208060194942605,0.703985184431076,431,-2,0.0008708377161859016,0.020831704139709473,8719,-2,0.12574866612932226,0.5064697563648224,929,-2,1.097405357941561e-05,0.001026928424835205,837,984,1615,1049,-2,1.097405357941561e-05,0.001026928424835205,12559,391,239,184,52481,-2,1.097405357941561e-05,0.001026928424835205,192,-2,0.12574866612932226,0.5064697563648224,166,-2,0.0008708377161859016,0.020831704139709473,224,-2,0.12208060194942605,0.703985184431076,487,-2,0.0679907162282737,0.626047670841217,233,-2,0.09025538096643226,0.3210625443607569,151,-2,0.0030258306438673797,0.5286903977394104,183,-2,0.6211226200225034,1.9576566815376282,177,-2,6.294246197938946e-05,0.008413374423980713,184,-2,0.5609104163609024,1.6306767463684082,159,-2,0.14436472540444573,0.5377702862024307,208,-2,0.11525330170537847,0.7999185472726822,864,-2,0.14436472540444573,0.5377702862024307,241,-2,0.5609104163609024,1.6306767463684082,703,-2,6.294246197938946e-05,0.008413374423980713,28888,-2,0.5609104163609024,1.6306767463684082,751,-2,6.294246197938946e-05,0.008413374423980713,1304,-2,0.5609104163609024,1.6306767463684082,1886,-2,0.14436472540444573,0.5377702862024307,10744,-2,0.5609104163609024,1.6306767463684082,992,-2,0.14436472540444573,0.5377702862024307,237559,612529
18,2,1,5,1,-2,26294,4031,2713,9253,2367,2456,4048,8838,20748,24243,5839,-2,-2,0.897854982581143,0.13986194133758545,38767,-2,0,0,34975,-2,0.45886777305970644,0.7238865494728088,815,-2,1.8327331446243988e-06,0.0033751726150512695,42961,-2,0.12671207390116826,0.5087563991546631,940,-2,0.22704329248244673,0.7558248043060303,1375,-2,0.0565695584657712,0.5885668396949768,1192,-2,0.3143865894077812,0.17886364459991455,15877,136907
18,2,1,5,1,-2,2043,2223,7194,2356,3462,8494,2425,1615,12690,5816,14003,739,4276,1214,1917,9270,1888,496,15274,-2,-2,0.31431265948182247,0.17861729860305786,2280,-2,0.14405449384814378,0.9183527397155762,575,-2,0.06576482005920395,0,1048,-2,0.14027309192486404,0.8783090280532837,566,-2,0.022939555662419436,0.01188574434965849,575,-2,0.13335798993866566,0.6824119435623288,323,-2,0.07756605224137869,0.01188574434965849,172,-2,0.13513120750285246,0.33874823322296144,465,-2,0.05856489930553972,0.12325051257610321,176,-2,0.07410330911996524,0,191,-2,0.01333979580060967,0.06892310658693314,159,-2,0.06820712328122577,0.17489439418315889,337,-2,0.002213071748922301,0.08029448816776276,167,-2,0.13877931500942928,0.2718515562057495,191,-2,0.006127134394869042,0.16009764204025267,361,-2,0.17878874807994724,0.020317796447873116,248,-2,0.004185600749142656,0.08640571514368058,216,-2,0.007806373364834314,0.120373712682724,175,-2,0,0,169,-2,0.033973731920037165,0.08269601484537124,168,-2,0.0007855351440941145,0.0561961551964283,168,-2,0.07385618177075559,0.1857026683330536,200,-2,0,0,152,-2,0.14758331759503818,0.7683314846992493,720,-2,0.00050271141667336,0.04484245384335518,175,-2,0.0025338149485948707,0.10067402740716934,176,-2,0,0,167,-2,0.06155628958705259,0.4962108003139496,343,-2,0,0,769,-2,0,0.9999,441,-2,0,0.05433201993107796,567,-2,0,0.9623049663543701,528,-2,0,1.0001,399,1807,1056,-2,0,1.0001,535,1262,-2,0,1.0001,712,191,5409,-2,0,1.0001,1047,10847,-2,0,1.0001,57308,93555
1,2,1,3,1,-2,20591,3106,2562,2534,2264,3686,2022,1712,2150,1616,4701,4296,5433,2257,8882,2146,8858,12389,-2,-2,0.5292955013361066,1.6123668551445007,59824,-2,0.12674906655566967,0.6021060198545456,663,-2,0.12792134936518337,0.5816451477050781,5640,-2,0.12674906655566967,0.6021060198545456,1671,-2,0.12792134936518337,0.5816451477050781,752,-2,0.12674906655566967,0.6021060198545456,1239,-2,0.5292955013361066,1.6123668551445007,1046,-2,0.0796427187118772,0.2773063612937927,753,-2,0.061936630018612535,0.1432718204498291,1849,73440,-2,-2,0.5292955013361066,1.6123668551445007,1455,-2,0.0796427187118772,0.2773063612937927,1159,-2,0.5292955013361066,1.6123668551445007,648,-2,0.0796427187118772,0.2773063612937927,2881,-2,0.5292955013361066,1.6123668551445007,991,-2,0.12674906655566967,0.6021060198545456,591,-2,0.5292955013361066,1.6123668551445007,967,-2,0.12674906655566967,0.6021060198545456,664,-2,0.5292955013361066,1.6123668551445007,1069,-2,0.12674906655566967,0.6021060198545456,443,-2,0.5292955013361066,1.6123668551445007,3860,-2,0.12674906655566967,0.6021060198545456,6770,-2,0.5292955013361066,1.6123668551445007,4879,-2,0.0796427187118772,0.2773063612937927,959,-2,0.061936630018612535,0.1432718204498291,3184,-2,0.0796427187118772,0.2773063612937927,8584,-2,0.061936630018612535,0.1432718204498291,1495,-2,0.0796427187118772,0.2773063612937927,384,-2,0.5292955013361066,1.6123668551445007,799,-2,0.0796427187118772,0.2773063612937927,896,-2,0.061936630018612535,0.1432718204498291,503,-2,0.046493410578691115,0.34085641632080077,800,-2,0.16541209645504248,0.8615766633301973,968,-2,0.0038404220394320353,0.06415671110153198,1487,-2,0.4465702197865011,1.0052123325876892,999,-2,0.005830064712884879,0.16197311878204346,728,-2,0.129933449376744,0.5958129167556763,1239,-2,0.005830064712884879,0.16197311878204346,263,-2,0.4465702197865011,1.0052123325876892,320,-2,0.0038404220394320353,0.06415671110153198,649,-2,0.16541209645504248,0.8615766633301973,790,-2,0.0038404220394320353,0.06415671110153198,337,-2,0.4465702197865011,1.0052123325876892,775,-2,0.0038404220394320353,0.06415671110153198,264,-2,0.16541209645504248,0.8615766633301973,488,-2,0.046493410578691115,0.34085641632080077,495,-2,0.061936630018612535,0.1432718204498291,775,-2,0.0796427187118772,0.2773063612937927,575,-2,0.5292955013361066,1.6123668551445007,464,-2,0.12674906655566967,0.6021060198545456,559,-2,0.12792134936518337,0.5816451477050781,384,-2,0.017093115368086498,0.1000368503689766,335,-2,0.17328397148486943,0.9783458784222603,344,-2,0.06576482005920395,0.1000368503689766,632,-2,0.17328397148486943,0.9783458784222603,176,-2,0.017093115368086498,0.1000368503689766,497,-2,0.12792134936518337,0.5816451477050781,159,-2,0.12674906655566967,0.6021060198545456,184,-2,0.5292955013361066,1.6123668551445007,176,-2,0.0796427187118772,0.2773063612937927,183,-2,0.061936630018612535,0.1432718204498291,184,-2,0.046493410578691115,0.34085641632080077,256,-2,0.16541209645504248,0.8615766633301973,223,-2,0.0038404220394320353,0.06415671110153198,200,-2,0.4465702197865011,1.0052123325876892,847,-2,0.0038404220394320353,0.06415671110153198,385,-2,0.4465702197865011,1.0052123325876892,911,-2,0.0038404220394320353,0.06415671110153198,9535,-2,0.16541209645504248,0.8615766633301973,945,-2,0.0038404220394320353,0.06415671110153198,384,-2,0.4465702197865011,1.0052123325876892,296,-2,0.005830064712884879,0.16197311878204346,311,-2,0.129933449376744,0.5958129167556763,1161,-2,0,0,487,-2,0.0011530549945746316,0.008660316467285156,303,-2,0,0,455,-2,0.13854897863101776,0.5810460448265076,1216,-2,0,0,599,-2,0.13854897863101776,0.5810460448265076,935,-2,0,0,328,-2,0.0011530549945746316,0.008660316467285156,231,-2,0,0,152,-2,0.129933449376744,0.5958129167556763,166,-2,0.005830064712884879,0.16197311878204346,168,-2,0.4465702197865011,1.0052123325876892,191,-2,0.0038404220394320353,0.06415671110153198,199,-2,0.16541209645504248,0.8615766633301973,207,-2,0.046493410578691115,0.34085641632080077,945,-2,0.16541209645504248,0.8615766633301973,176,-2,0.0038404220394320353,0.06415671110153198,176,-2,0.4465702197865011,1.0052123325876892,191,-2,0.005830064712884879,0.16197311878204346,185,-2,0.129933449376744,0.5958129167556763,136,-2,0,0,183,-2,0.0011530549945746316,0.008660316467285156,192,-2,0,0,160,-2,0.13854897863101776,0.5810460448265076,192,-2,0,0,199,-2,0.048437311788833405,0.4517917037010193,192,-2,0,0,415,-2,0.1392084591628473,0.42053282260894775,256,-2,0,0,2504,-2,0.0018457186990145952,0.05193746089935303,560,-2,0,0,191,-2,0.1392084591628473,0.42053282260894775,184,-2,0,0,192,-2,0.048437311788833405,0.4517917037010193,174,-2,0,0,183,-2,0.13854897863101776,0.5810460448265076,176,-2,0,0,208,-2,0.0011530549945746316,0.008660316467285156,199,-2,0,0,208,-2,0.129933449376744,0.5958129167556763,423,-2,0.005830064712884879,0.16197311878204346,215,-2,0.4465702197865011,1.0052123325876892,207,-2,0.0038404220394320353,0.06415671110153198,248,-2,0.16541209645504248,0.8615766633301973,664,-2,0.046493410578691115,0.34085641632080077,1128,-2,0.16541209645504248,0.8615766633301973,1048,-2,0.046493410578691115,0.34085641632080077,480,-2,0.16541209645504248,0.8615766633301973,702,-2,0.046493410578691115,0.34085641632080077,729,-2,0.061936630018612535,0.1432718204498291,599,-2,0.0796427187118772,0.2773063612937927,1023,-2,0.061936630018612535,0.1432718204498291,1056,-2,0.0796427187118772,0.2773063612937927,695,-2,0.061936630018612535,0.1432718204498291,584,-2,0.0796427187118772,0.2773063612937927,448,-2,0.061936630018612535,0.1432718204498291,2039,-2,0.0796427187118772,0.2773063612937927,744,-2,0.061936630018612535,0.1432718204498291,735,-2,0.0796427187118772,0.2773063612937927,696,-2,0.5292955013361066,1.6123668551445007,1047,-2,0.12674906655566967,0.6021060198545456,1448,-2,0.5292955013361066,1.6123668551445007,1055,-2,0.12674906655566967,0.6021060198545456,1600,-2,0.5292955013361066,1.6123668551445007,839,-2,0.12674906655566967,0.6021060198545456,4391,-2,0.5292955013361066,1.6123668551445007,3304,-2,0.12674906655566967,0.6021060198545456,807,-2,0.5292955013361066,1.6123668551445007,782,-2,0.0796427187118772,0.2773063612937927,736,-2,0.5292955013361066,1.6123668551445007,240,-2,0.12674906655566967,0.6021060198545456,568,-2,0.5292955013361066,1.6123668551445007,678,-2,0.12674906655566967,0.6021060198545456,11184,-2,0.5292955013361066,1.6123668551445007,10120,-2,0.0796427187118772,0.2773063612937927,816,-2,0.5292955013361066,1.6123668551445007,471,-2,0.0796427187118772,0.2773063612937927,416,-2,0.061936630018612535,0.1432718204498291,1879,-2,0.046493410578691115,0.34085641632080077,785,-2,0.16541209645504248,0.8615766633301973,679,-2,0.0038404220394320353,0.06415671110153198,584,-2,0.4465702197865011,1.0052123325876892,1041,-2,0.0038404220394320353,0.06415671110153198,759,-2,0.16541209645504248,0.8615766633301973,535,-2,0.046493410578691115,0.34085641632080077,1655,-2,0.16541209645504248,0.8615766633301973,3069,154892
20,2,-1,5,1,-2,37115,21577,4375,5113,10704,1047,2287,1934,20824,4629,1815,1838,-2,-2,0.2414102189265445,0.0895078033208847,4532,4532,-2,-2,0.2414102189265445,0.0895078033208847,4247,-2,0.0013128260795134052,0.09031536057591438,864,-2,0.1458968603865492,5.136430263519287e-05,200,-2,0.0012947117609967327,9.77739691734314e-05,240,-2,0.0012848230267285357,0.08905679360032082,1344,-2,0.0012947117609967327,9.77739691734314e-05,223,-2,0.1458968603865492,5.136430263519287e-05,239,-2,0.0013128260795134052,0.09031536057591438,400,-2,0.2414102189265445,0.0895078033208847,312,-2,0.17482614324286277,1.0445355661213398,456,-2,0.1747880921725687,1.0451916456222534,934,-2,0.14586543897432647,0.000717557966709137,495,-2,0.17454817916542104,1.0444740876555443,464,-2,0.14608476306587273,0.0010406821966171265,463,-2,0.0012577510861143226,0.08817394077777863,656,-2,0.17479472700200568,0.9540073834359646,527,-2,0.17505608862503635,1.0459926165640354,424,-2,4.358447446617397e-08,0.09004617482423782,575,-2,0.14597868312887635,0.9551789201796055,672,-2,0.0012941616917503654,0.0895717702805996,527,-2,0.17551338569193228,1.0473579429090023,479,-2,0.17480983025353372,0,1224,-2,0,0,463,815,28175,-2,0,0,192,-2,0.17480983025353372,0,4873,50497,-2,-2,0.2414102189265445,0.0895078033208847,16863,-2,0.17482614324286277,1.0445355661213398,10727,-2,0.1747880921725687,1.0451916456222534,4983,-2,0.14586543897432647,0.000717557966709137,3487,-2,0.17454817916542104,1.0444740876555443,1527,-2,0.14586543897432647,0.000717557966709137,3201,-2,0.17454817916542104,1.0444740876555443,4151,-2,0.14608476306587273,0.0010406821966171265,10535,-2,0.0012577510861143226,0.08817394077777863,1231,-2,0.14608476306587273,0.0010406821966171265,9609,-2,0.0012577510861143226,0.08817394077777863,1704,-2,0.17479472700200568,0.9540073834359646,10471,-2,0.17505608862503635,1.0459926165640354,8880,-2,4.358447446617397e-08,0.09004617482423782,5424,-2,0.14597868312887635,0.9551789201796055,2543,-2,4.358447446617397e-08,0.09004617482423782,7360,-2,0.17505608862503635,1.0459926165640354,4143,-2,4.358447446617397e-08,0.09004617482423782,2372,109220
20,2,-1,5,1,-2,1859,3362,1880,1777,3910,23775,11375,2921,3127,2399,4559,1485,1507,-2,-2,0.24094381654886673,0.09022059664130211,11486,11486,-2,-2,0.24094381654886673,0.09022059664130211,1047,-2,0.0012796103083185652,0.08884015679359436,176,-2,0.001286237810918597,0.08891681209206581,199,-2,0.0013102327856764442,0.09012512490153313,192,-2,9.34935297047801e-08,0.0005753487348556519,176,-2,0.1744060962003559,1.045960258692503,176,-2,8.92977613442536e-08,0.0001691170036792755,175,-2,0.0012951987961627907,0.001219775527715683,201,-2,0.14584190494342258,0.9547313265502453,182,-2,0.001260002909050656,0.001643255352973938,2929,-2,0.14584190494342258,0.9547313265502453,929,-2,0.001260002909050656,0.001643255352973938,2952,-2,0.14584190494342258,0.9547313265502453,3736,-2,0.0012951987961627907,0.001219775527715683,1736,-2,0.14584190494342258,0.9547313265502453,4120,-2,0.001260002909050656,0.001643255352973938,1336,-2,0.14584190494342258,0.9547313265502453,526,-2,0.0012951987961627907,0.001219775527715683,3576,-2,8.92977613442536e-08,0.0001691170036792755,2633,-2,0.1744060962003559,1.045960258692503,1423,-2,9.34935297047801e-08,0.0005753487348556519,3903,-2,0.0013102327856764442,0.09012512490153313,1680,-2,0.001286237810918597,0.08891681209206581,944,-2,0.0012796103083185652,0.08884015679359436,703,-2,0.24094381654886673,0.09022059664130211,616,-2,3.123072464195076e-08,0.08812683075666428,543,-2,1.4310140980744457e-07,0.000191420316696167,504,-2,0.17412507352957224,0.9553343802690506,776,-2,0.15410054362937908,0.08911596983671188,504,-2,0.17464187581125823,1.043509941548109,615,-2,0.0012359792479533969,0.08723985776305199,543,-2,0.001248619785068139,0.0006417408585548401,1567,-2,0.14650883842284262,0.9569118246436119,833,-2,0.001248015397638844,0.9569118246436119,2511,-2,0,0,688,712,3464,-2,0,0,175,-2,0.001248015397638844,0.9569118246436119,183,-2,0.14650883842284262,0.9569118246436119,217,-2,0.001248619785068139,0.0006417408585548401,439,-2,0.0012359792479533969,0.08723985776305199,432,-2,0.17464187581125823,1.043509941548109,3911,-2,0.15410054362937908,0.08911596983671188,5296,-2,0.17464187581125823,1.043509941548109,2152,-2,0.15410054362937908,0.08911596983671188,825,-2,0.17464187581125823,1.043509941548109,4166,-2,0.15410054362937908,0.08911596983671188,824,-2,0.17464187581125823,1.043509941548109,464,-2,0.0012359792479533969,0.08723985776305199,1615,-2,0.17464187581125823,1.043509941548109,1905,-2,0.0012359792479533969,0.08723985776305199,583,-2,0.17464187581125823,1.043509941548109,5648,-2,0.0012359792479533969,0.08723985776305199,9981,88359
21,2,1,5,1,-2,17767,3959,5657,6170,2382,7693,12120,3294,3967,18343,6506,-2,-2,0.6760582211776702,1.893997609615326,111365,111365
21,2,1,5,1,-2,2860,3231,7961,3752,1589,6745,12658,13262,6488,7597,2170,3408,-2,-2,0.3143890582474806,0.17887187004089355,129728,-2,0.1472805792812441,0.9534092918038368,264,-2,0.12098682557347713,0.6905055865645409,376,-2,0.32650938738060076,0.8022883906960487,400,-2,0.004169745252694099,0.1608862280845642,327,-2,0.26069062752872496,0.08436274528503418,488,-2,8.799497663858348e-10,7.605552673339844e-05,3444,135029
16,2,-1,100,1,-2,20690,2968,8577,32926,23999,862,3936,19496,18479,2071,13014,13847,6101,4680,21905,3888,3542,5467,8239,1421,4583,-2,-2,0.6400000000000002,1.045617364346981,2143,-2,0.14579412794912158,0.9545749314129353,280,-2,0.17460536631208873,0.9545749314129353,518,-2,0.17480311759385364,1.0452365688979626,711,-2,0.0012869532100571036,0.0891232006251812,7599,-2,0.14585200031730783,0.9547643698751926,4239,-2,0.2188213422842235,0.09012261033058167,200,-2,0.17468620822456676,1.0448869802057743,200,-2,0.0012689940904678375,0.08837199583649635,192,-2,0.14638514006710948,0.9565077759325504,1159,-2,3.2692061548211805e-07,0.08779208734631538,423,-2,0.1748935341977111,1.0455068573355675,216,-2,0.001286724736291326,0.08957094699144363,246,-2,1.2434842168729255e-07,0.00033186376094818115,560,-2,0.1454817267096022,1.0452304929494858,648,-2,0.001301093941015493,0.08987396582961082,4424,-2,0.1454817267096022,1.0452304929494858,12520,-2,1.2434842168729255e-07,0.00033186376094818115,3975,-2,0.001286724736291326,0.08957094699144363,1679,-2,0.1748935341977111,1.0455068573355675,2696,-2,3.2692061548211805e-07,0.08779208734631538,2102,-2,0.14638514006710948,0.9565077759325504,3543,-2,0.0012689940904678375,0.08837199583649635,3504,-2,0.17468620822456676,1.0448869802057743,1039,-2,0.0012689940904678375,0.08837199583649635,6632,-2,0.14638514006710948,0.9565077759325504,1016,-2,0.0012689940904678375,0.08837199583649635,3724,-2,0.17468620822456676,1.0448869802057743,556,-2,0.0012689940904678375,0.08837199583649635,2504,-2,0.17468620822456676,1.0448869802057743,744,-2,0.2188213422842235,0.09012261033058167,1560,-2,0.17468620822456676,1.0448869802057743,736,-2,0.0012689940904678375,0.08837199583649635,22055,-2,0.17468620822456676,1.0448869802057743,790,-2,0.2188213422842235,0.09012261033058167,801,-2,0.14585200031730783,0.9547643698751926,10128,-2,0.0012869532100571036,0.0891232006251812,2319,-2,0.17480311759385364,1.0452365688979626,2617,-2,0.17460536631208873,0.9545749314129353,3527,-2,0.17480311759385364,1.0452365688979626,816,-2,0.17460536631208873,0.9545749314129353,1607,-2,0.14579412794912158,0.9545749314129353,1456,-2,0.17460536631208873,0.9545749314129353,35575,-2,0.17480311759385364,1.0452365688979626,279,-2,0.0012869532100571036,0.0891232006251812,400,-2,0.14585200031730783,0.9547643698751926,1037,155716

9,2,1,7,1,-2,28722,5276,1899,1863,2155,2647,1440,5523,5275,-2,-2,0.15989688681097988,0.8251124955713749,10544,-2,0.04392181680232801,0.2471717931330204,1102,-2,0.15989688681097988,0.8251124955713749,2544,-2,0.04392181680232801,0.2471717931330204,7520,-2,0.10296710400612634,0.7619441412389278,3400,-2,0.5576630175713925,1.8160370588302612,3439,-2,0.10296710400612634,0.7619441412389278,688,-2,0.5576630175713925,1.8160370588302612,3192,-2,0.0006363707468460689,0.054326653480529785,1679,-2,0.4632650961309202,1.024275155737996,2344,-2,0.00070469445271101,0.06693971157073975,1536,-2,0.31386479085849744,0.37766122817993164,2040,-2,1.374050038194241e-07,0.0007569789886474609,1302,-2,0.17448360375133146,0.3450889587402344,1087,-2,1.374050038194241e-07,0.0007569789886474609,287,-2,0.31386479085849744,0.37766122817993164,271,-2,0.00070469445271101,0.06693971157073975,327,-2,0.4632650961309202,1.024275155737996,968,-2,0.00070469445271101,0.06693971157073975,240,-2,0.31386479085849744,0.37766122817993164,240,-2,1.374050038194241e-07,0.0007569789886474609,391,-2,0.17448360375133146,0.3450889587402344,671,-2,9.611707501022693e-07,0.0023712515830993652,263,-2,0.16934082474222995,0.41294848918914795,274,-2,6.661338147750939e-16,0.020841896533966064,294,-2,0.48150193234581096,0.017600297927856445,304,-2,8.144758794070839e-05,0.02084195613861084,1120,720,1144,-2,8.144758794070839e-05,0.02084195613861084,311,-2,0.48150193234581096,0.017600297927856445,240,-2,6.661338147750939e-16,0.020841896533966064,223,-2,0.16934082474222995,0.41294848918914795,264,-2,9.611707501022693e-07,0.0023712515830993652,752,-2,0.17448360375133146,0.3450889587402344,18471,-2,1.374050038194241e-07,0.0007569789886474609,296,-2,0.31386479085849744,0.37766122817993164,312,-2,0.00070469445271101,0.06693971157073975,806,-2,0.4632650961309202,1.024275155737996,881,-2,0.0006363707468460689,0.054326653480529785,791,-2,0.5576630175713925,1.8160370588302612,679,-2,0.10296710400612634,0.7619441412389278,17464,-2,0.5576630175713925,1.8160370588302612,3638,-2,0.10296710400612634,0.7619441412389278,32919,-2,0.5576630175713925,1.8160370588302612,34622,162622
12,2,-1,7,1,-2,19016,4155,1569,8054,5505,10302,4829,6674,-2,-2,0.6400000000000002,2,5251,5252
12,2,-1,7,1,-2,2327,7932,15429,4380,2368,18089,5503,42284,12440,8471,7256,11682,5560,1472,1494,-2,-2,0.6821717653030325,0,56782,-2,0,0,791,-2,0.20434895526337934,0.9560358747839928,11841,69415,-2,-2,0.6821717653030325,0,20936,-2,0,0,1240,-2,0.20434895526337934,0.9560358747839928,311,-2,0.234257979072133,0.08859947696328163,1223,-2,0.14585367115245593,0.9550950974225998,487,-2,0.24100029129917208,0.08964071795344353,304,-2,0.6331851778506891,1.044580016285181,3320,-2,0.17443029212713487,1.0441213175654411,1111,-2,0.17498655727575402,0.9558786824345589,1424,-2,0.1456842439479647,0.9542151354253292,911,-2,0.17474680206754029,1.0457848645746708,631,-2,0.14590316317059812,0.9549318142235279,496,-2,0.17483735613673673,0.00027074292302131653,6944,-2,0.14590316317059812,0.9549318142235279,6575,-2,0.17474680206754029,1.0457848645746708,6177,-2,0.1456842439479647,0.9542151354253292,2471,-2,0.17498655727575402,0.9558786824345589,5465,-2,0.17443029212713487,1.0441213175654411,9351,-2,0.6331851778506891,1.044580016285181,2751,-2,0.17443029212713487,1.0441213175654411,3463,-2,0.6331851778506891,1.044580016285181,4600,-2,0.17443029212713487,1.0441213175654411,14992,-2,0.6331851778506891,1.044580016285181,6647,-2,0.24100029129917208,0.08964071795344353,6608,-2,0.14585367115245593,0.9550950974225998,10798,-2,0.234257979072133,0.08859947696328163,14408,-2,0.20434895526337934,0.9560358747839928,15464,-2,0,0,2056,-2,0.6821717653030325,0,23132,174310
12,2,-1,7,1,-2,127586
12,2,-1,7,1,-2,1277
12,2,-1,7,1,-2,757
12,2,-1,7,1,-2,492
11,2,-1,7,1,-2,24996,2970,2009,1599,1623,-2,-2,0.17448043680651265,0.9557286128401756,10098,10099,-2,-2,0.17448043680651265,0.9557286128401756,2656,2656,-2,-2,0.17448043680651265,0.9557286128401756,6960,6960,-2,-2,0.17448043680651265,0.9557286128401756,109694,109694
11,2,-1,7,1,-2,5666,3216,2335,9561,2688,8272,2582,2610,-2,-2,0.17467817520589132,0.9562886282801628,165496,-2,0.24137858460042852,0.08900289982557297,14624,-2,0.17467817520589132,0.9562886282801628,19676,199797
4,2,-1,3,1,-2,82063.59999999404,5473.5999999940395,6379.199999988079,5705.9000000059605,6914.699999988079,2844.5,4271.200000017881,39615.19999998808,-2,-2,0.2517232223046453,0.08954569324851036,77070.30000001192,-2,0.17057032688498347,0.9537863545119762,1373.3999999761581,-2,0.174939467382703,1.0462136454880238,1115.199999988079,-2,0.0012642383328914952,0.08846819028258324,996.5,-2,0.174939467382703,1.0462136454880238,706.5999999940395,-2,0.17057032688498347,0.9537863545119762,1841,-2,0.174939467382703,1.0462136454880238,1816.2999999821186,-2,0.17057032688498347,0.9537863545119762,1765.2000000178814,-2,0.2517232223046453,0.08954569324851036,1553.300000011921,2399,-2,0.2517232223046453,0.08954569324851036,21520.70000001788,1253.5,1729.4000000059605,-2,0.2517232223046453,0.08954569324851036,1434.800000011921,1438.300000011921,-2,0.2517232223046453,0.08954569324851036,3394.300000011921,-2,0.17057032688498347,0.9537863545119762,1888.5999999940395,-2,0.174939467382703,1.0462136454880238,947.5999999940395,-2,0.17057032688498347,0.9537863545119762,8104,-2,0.2517232223046453,0.08954569324851036,6628.799999982119,139014.19999998808
4,2,-1,3,1,-2,4163.300000011921,3461.5999999940395,5295.699999988079,6919.700000017881,3735.9000000059605,5679.4000000059605,7606.100000023842,9851.799999982119,10204.40000000596,7611,11254.90000000596,7290.4000000059605,11426.700000017881,3749.7000000178814,10978.700000017881,2366.300000011921,6299.299999982119,-2,-2,0.187537501875,1.0001,2447.2999999821186,-2,0.18746250187500005,0.9999,831.6999999880791,-2,0.17510691179978743,1.0001,2354.100000023842,-2,1.1046110553691868e-07,0.00037232041358947754,1345.7000000178814,-2,0.17507012922989335,0.00010988116264343262,1247.5,-2,1.19194101633191e-07,0.0002994053065776825,677.8999999761581,-2,0.17511397545312418,1.046034563332796,1013.5999999940395,-2,0.14556802694772258,0.95383445546031,723.5999999940395,-2,2.844103931287645e-07,0.08932111039757729,717.2999999821186,-2,0.1748316289190967,1.0453218072652817,217.80000001192093,-2,0.1748935815586836,0.9546781927347183,559.5,-2,0.21876063852746902,0.0004668720066547394,409.59999999403954,-2,0.17489124218357563,6.992369890213013e-06,1443.5999999940395,-2,0.21876063852746902,0.0004668720066547394,1674.4000000059605,-2,0.1748935815586836,0.9546781927347183,1802.699999988079,-2,0.1748316289190967,1.0453218072652817,2594.5999999940395,-2,0.1748935815586836,0.9546781927347183,10250.700000017881,-2,0.21876063852746902,0.0004668720066547394,783.1999999880791,-2,0.1748935815586836,0.9546781927347183,1292.800000011921,-2,0.1748316289190967,1.0453218072652817,1567.5,-2,2.844103931287645e-07,0.08932111039757729,11468.200000017881,-2,0.14556802694772258,0.95383445546031,2789.300000011921,-2,0.17511397545312418,1.046034563332796,2088.5999999940395,-2,1.19194101633191e-07,0.0002994053065776825,1565,-2,0.17511397545312418,1.046034563332796,4730.700000017881,-2,1.19194101633191e-07,0.0002994053065776825,1859.800000011921,-2,0.17507012922989335,0.00010988116264343262,10344.300000011921,68851.09999999404
5,2,1,5,1,-2,25477,2865,5810,3199,1740,9844,1448,8644,8322,4998,4158,5190,8474,5632,9606,7017,7836,2738,2640,1085,4602,-2,-2,0.31407318700111536,0.1778188943862915,162802,162802
19,2,-1,5,1,-2,42183,2929,4344,1702,1736,-2,-2,0.1743691757537875,0.9560616165399551,9553,-2,0,0,1199,720,711,745,-2,0,0,232,-2,0.1743691757537875,0.9560616165399551,296,-2,1.1969834701419657e-07,0.00012841448187828064,336,-2,0.001287963597356817,0.00107564777135849,311,-2,2.3483111630029366e-07,0.0010372623801231384,880,-2,0.001287963597356817,0.00107564777135849,255,-2,1.1969834701419657e-07,0.00012841448187828064,207,-2,0.1743691757537875,0.9560616165399551,199,-2,0,0,216,1152,17018,-2,-2,0.1743691757537875,0.9560616165399551,2311,-2,1.1969834701419657e-07,0.00012841448187828064,16976,-2,0.001287963597356817,0.00107564777135849,1024,-2,1.1969834701419657e-07,0.00012841448187828064,480,-2,0.1743691757537875,0.9560616165399551,502,-2,0,0,3593,-2,0.1743691757537875,0.9560616165399551,1031,-2,1.1969834701419657e-07,0.00012841448187828064,640,-2,0.001287963597356817,0.00107564777135849,1808,-2,2.3483111630029366e-07,0.0010372623801231384,1056,-2,1.0014770638333558e-08,9.553134441375732e-05,1257,-2,2.3483111630029366e-07,0.0010372623801231384,9103,-2,0.001287963597356817,0.00107564777135849,6704,-2,1.1969834701419657e-07,0.00012841448187828064,4744,-2,0.1743691757537875,0.9560616165399551,1952,-2,0,0,1616,-2,0.1743691757537875,0.9560616165399551,6046,-2,1.1969834701419657e-07,0.00012841448187828064,808,-2,0.001287963597356817,0.00107564777135849,408,-2,2.3483111630029366e-07,0.0010372623801231384,1079,-2,0.001287963597356817,0.00107564777135849,4703,-2,1.1969834701419657e-07,0.00012841448187828064,2407,-2,0.1743691757537875,0.9560616165399551,1056,-2,0,0,6535,-2,0.1743691757537875,0.9560616165399551,448,-2,1.1969834701419657e-07,0.00012841448187828064,3503,-2,0.1743691757537875,0.9560616165399551,519,-2,0,0,271,1031,1296,84920,-2,-2,0.1743691757537875,0.9560616165399551,1253,1253
22,2,1,5,1,-2,47812.59999999404,4119.199999988079,22229.5,12204.5,10903.40000000596,12231.199999988079,11877.300000011921,21695.59999999404,11434.09999999404,6322.5,7665.0999999940395,-2,-2,0.5201951546277348,1.771762490272522,46810.80000001192,-2,0.47635015739721986,1.5908052921295166,854.4000000059605,-2,0.0911545872485458,0.7093909531831741,1566.6000000238419,-2,0.05802042653688755,0.41609857976436615,1515.5999999940395,-2,0.0911545872485458,0.7093909531831741,1530.7000000178814,-2,0.47635015739721986,1.5908052921295166,3153.4000000059605,-2,0.5201951546277348,1.771762490272522,2207.5999999940395,-2,0.429223305837906,0.9754208736121655,2751,-2,8.282441459925849e-06,0.024775683879852295,3557.300000011921,-2,0.41414452787420986,0.021396636962890625,754.6999999880791,-2,0.00028409941276294145,0.024928390979766846,7952.9000000059605,-2,0.41414452787420986,0.021396636962890625,1110.2999999821186,-2,8.282441459925849e-06,0.024775683879852295,951.5999999940395,-2,0.429223305837906,0.9754208736121655,3493.300000011921,-2,0.5201951546277348,1.771762490272522,1417.5999999940395,-2,0.47635015739721986,1.5908052921295166,8578.600000023842,-2,0.0911545872485458,0.7093909531831741,2017,-2,0.47635015739721986,1.5908052921295166,23617.90000000596,-2,0.5201951546277348,1.771762490272522,3506.5,-2,0.429223305837906,0.9754208736121655,829.8000000119209,-2,8.282441459925849e-06,0.024775683879852295,9756.59999999404,127973.20000001788
22,2,1,5,1,-2,3289.0999999940395,1802.0999999940395,7708.300000011921,7769.5,11769.90000000596,7023.800000011921,2581.4000000059605,20093.80000001192,16310.600000023842,-2,-2,0.15989688681097988,0.878764586353302,2080.100000023842,2081.199999988079,-2,-2,0.15989688681097988,0.878764586353302,1057,1058.0999999940395,-2,-2,0.15989688681097988,0.878764586353302,1531,-2,0.05099721816701608,0.3752887414932251,2525,-2,0.15989688681097988,0.878764586353302,2122,-2,0.05099721816701608,0.3752887414932251,632.1000000238419,-2,0.10105569820980373,0.10836295614242554,696.0999999940395,-2,0.1619242384586534,0.10836295614242554,509.5,-2,0.11992447695163407,0.09771603345870972,1466,-2,0.45705071288922783,1.5716967582702637,3020.800000011921,-2,0.11992447695163407,0.09771603345870972,563.3000000119209,-2,0.1619242384586534,0.10836295614242554,7714.299999982119,20797.19999998808
22,2,-1,5,1,-2,15626.20000000298,2487.0999999940395,1137.2000000029802,5576.20000000298,5893.9000000059605,-2,-2,0.1745810465125032,1.0444440692663193,28209.70000000298,-2,3.012017499082198e-08,0.953551672399044,1484.1000000089407,-2,0.0012758897011315795,0.08896614238619804,1232.7999999970198,-2,0.0012758897011315795,0.08896614238619804,4572.5,2788.199999988079,3659.2999999970198,41955.90000000596
22,2,-1,5,1,-2,1832.5999999940395,1191,590.2999999970198,1932.5,2349.7999999970198,-2,-2,0.1745810465125032,1.0444440692663193,4304.600000008941,-2,0.0012758897011315795,0.08896614238619804,141799.20000000298,-2,0.0012758897011315795,0.08896614238619804,8068.70000000298,-2,0.0012758897011315795,0.08896614238619804,2010.5,-2,0.0012758897011315795,0.08896614238619804,1834.6000000089407,1401.7999999970198,22289.39999999106,181719.90000000596
22,2,-1,5,1,-2,2284.0999999940395,3247.3999999910593,720.7999999970198,800.5,1089.9000000059605,-2,80805.29999999702,-2,0,0,13383,-2,0.14577216990930086,1.0454969555139542,769.5,-2,0.0012737860817304402,0.08892259374260902,331168.799999997,-2,0.0012947117609967327,0.0001980215311050415,6455872.100000009,6882008
22,2,-1,5,1,-2,2284.0999999940395,3247.3999999910593,720.7999999970198,800.5,1089.9000000059605,-2,80805.29999999702,-2,0,0,13383,-2,0.14577216990930086,1.0454969555139542,769.5,-2,0.0012737860817304402,0.08892259374260902,331168.799999997,-2,0.0012947117609967327,0.0001980215311050415,6455872.100000009,6882008,6885086.5
22,2,-1,5,1,-2,7123.4000000059605,9195.09999999404,1416.9000000059605,769.3999999910593,1074.2000000029802,541.9000000059605,927.5,907.7000000029802,1215.7999999970198,2679.2000000029802,726,-2,1,998.4000000059605,-2,-2,0.2429785460553778,1.0456593409180641,27836.20000000298,-2,0.0018446107009429484,0.001907292753458023,18834.5,-2,0.0012585869322962041,0.0884331464767456,20568.79999999702,-2,0.0012923324458692961,0.08933913335204124,62425.09999999404,-2,0.0012585869322962041,0.0884331464767456,5172,144855.59999999404
22,2,-1,5,1,-2,1643.5999999940395,1240.6000000089407,2076.699999988079,491.09999999403954,515.4000000059605,-2,1,755.1000000089407,-2,-2,0.1747454055079495,1.0450640097260475,7657.5999999940395,-2,4.476051122004332e-07,0.0009282119572162628,5806.4000000059605,-2,2.2993881251265335e-08,0.00012992322444915771,25990.29999999702,-2,2.7595407839919873e-08,6.817281246185303e-07,13045.59999999404,-2,0.1747454055079495,1.0450640097260475,143661.60000000894,-2,2.2993881251265335e-08,0.00012992322444915771,9471.89999999106,227070.10000000894
22,2,-1,5,1,-2,1421,702.0999999940395,1141.199999988079,459.59999999403954,692.4000000059605,741,636.3999999910593,588.7000000029802,2591.2999999970198,-2,-2,0.75,2,5427.79999999702,1195.5,-2,0.75,2,4160,-2,0.1752287598270343,1.0465083606541157,2840.7000000029802,20052.10000000894
22,2,-1,5,1,-2,1193.0999999940395,776.9000000059605,1012.3999999910593,1071.0999999940395,1691.2999999970198,1143.6000000089407,2933.3999999910593
22,2,-1,5,1,-2,947.2999999970198,1064.2000000029802,888.0999999940395,1158.0999999940395,861.2000000029802,1190.7999999970198,1921.9000000059605,4479.0999999940395
22,2,-1,5,1,-2,864.8000000119209,1114.7999999970198,1120.7999999970198,933.8999999910593,935.6000000089407,3090.0999999940395,1802.199999988079,1405.7000000029802,3472.5,1210.8999999910593,911.2000000029802,1163.0999999940395,1508.5,922.2999999970198,643.2000000029802,2143.2000000029802,635.8999999910593,891.2999999970198,-2,-2,0.27352241474172345,0,5810.5,8964.89999999106
